restaurant,yelp,tripadvisor,googleratings
g49463-d3935169,http://www.yelp.com/biz/guasaca-raleigh,http://www.tripadvisor.com/Restaurant_Review-g49463-d3935169-Reviews-Guasaca-Raleigh_North_Carolina.html,https://www.google.com/search?q=Guasaca+review&oq=Guasaca+review&aqs=chrome..69i57.2949j0j1&sourceid=chrome&es_sm=119&ie=UTF-8#lrd=0x89acf5d5e6f17ceb:0xdf16c01a8735d5c6,1,,
g49463-d3471247,http://www.yelp.com/biz/bida-manda-raleigh,http://www.tripadvisor.com/Restaurant_Review-g49463-d3471247-Reviews-Bida_Manda-Raleigh_North_Carolina.html,https://www.google.com/search?q=Bida+Manda&oq=Bida+Manda&aqs=chrome..69i57.383j0j4&sourceid=chrome&es_sm=119&ie=UTF-8#lrd=0x89ac5f7286f16695:0x85dba324f4be0a3,1,,
g49463-d444941,http://www.yelp.com/biz/glenwood-grill-raleigh,http://www.tripadvisor.com/Restaurant_Review-g49463-d444941-Reviews-Glenwood_Grill-Raleigh_North_Carolina.html,https://www.google.com/search?q=Glenwood+Grill&oq=Glenwood+Grill&aqs=chrome..69i57.270j0j1&sourceid=chrome&es_sm=119&ie=UTF-8#lrd=0x89acf6011a8b4b63:0x4719956c040357c,1,,
g49463-d4112217,http://www.yelp.com/biz/the-cowfish-sushi-burger-bar-raleigh,http://www.tripadvisor.com/Restaurant_Review-g49463-d4112217-Reviews-The_Cowfish_Sushi_Burger_Bar-Raleigh_North_Carolina.html,https://www.google.com/search?q=The+Cowfish+Sushi+Burger+Bar&oq=The+Cowfish+Sushi+Burger+Bar&aqs=chrome..69i57.1157j0j1&sourceid=chrome&es_sm=119&ie=UTF-8#lrd=0x89ac5896ad27adeb:0x7204ac2d5510d03f,1,,
g49463-d6407240,http://www.yelp.com/biz/red-pepper-asian-raleigh,http://www.tripadvisor.com/Restaurant_Review-g49463-d6407240-Reviews-Red_Pepper_Asian-Raleigh_North_Carolina.html,https://www.google.com/search?q=Red+Pepper+Asian&oq=Red+Pepper+Asian&aqs=chrome..69i57.437j0j1&sourceid=chrome&es_sm=119&ie=UTF-8#lrd=0x89ac5c0021373411:0x5d8452db95686db6,1,,
g49463-d6610534,http://www.yelp.com/biz/tazza-kitchen-cameron-village-raleigh,http://www.tripadvisor.com/Restaurant_Review-g49463-d6610534-Reviews-Tazza_Kitchen_Cameron_Village-Raleigh_North_Carolina.html,https://www.google.com/search?q=Tazza+Kitchen+Cameron+Village&oq=Tazza+Kitchen+Cameron+Village&aqs=chrome..69i57.365j0j1&sourceid=chrome&es_sm=119&ie=UTF-8#lrd=0x89acf58ad0942009:0x48a2f9b983d7dc91,1,,
g49463-d8023813,http://www.yelp.com/biz/kamado-grille-raleigh,http://www.tripadvisor.com/Restaurant_Review-g49463-d8023813-Reviews-Kamado_Grille-Raleigh_North_Carolina.html,https://www.google.com/search?q=Kamado+Grille&oq=Kamado+Grille&aqs=chrome..69i57.373j0j1&sourceid=chrome&es_sm=119&ie=UTF-8#lrd=0x89ac58459a629dbd:0x6ed7c989de8ba25d,1,,
g49463-d828082,http://www.yelp.com/biz/j-betskis-raleigh,http://www.tripadvisor.com/Restaurant_Review-g49463-d828082-Reviews-J_Betski_s-Raleigh_North_Carolina.html,https://www.google.com/search?q=J+Betski%E2%80%99s&oq=J+Betski%E2%80%99s&aqs=chrome..69i57.357j0j1&sourceid=chrome&es_sm=119&ie=UTF-8#lrd=0x89ac5f421c451b55:0xb33536c0d5d7012,1,,
g49463-d2281435,http://www.yelp.com/biz/beasleys-chicken-and-honey-raleigh,http://www.tripadvisor.com/Restaurant_Review-g49463-d2281435-Reviews-Beasley_s_Chicken_Honey-Raleigh_North_Carolina.html,https://www.google.com/search?q=Beasley%E2%80%99s+Chicken+%26+Honey&oq=Beasley%E2%80%99s+Chicken+%26+Honey&aqs=chrome..69i57.251j0j1&sourceid=chrome&es_sm=119&ie=UTF-8#lrd=0x89ac5f726d9198e3:0x9ede9af11fda231a,1,,
g49463-d639062,http://www.yelp.com/biz/18-seaboard-raleigh,http://www.tripadvisor.com/Restaurant_Review-g49463-d639062-Reviews-18_Seaboard-Raleigh_North_Carolina.html,https://www.google.com/search?q=18+Seaboard&oq=18+Seaboard&aqs=chrome..69i57.333j0j1&sourceid=chrome&es_sm=119&ie=UTF-8#lrd=0x89ac5f41f0ec5bc1:0x7e30cf78bf96aacd,1,,

